Metric,Value
R2 Score,0.9575346312793208
MAE,7.5512840263972505
RMSE,30.301101314630827
MAPE,2.9141995380235843
